{"count":6,"results":[{"id":1,"name":"SQLi","description":"SecureShop Inc., an e-commerce company, has hired DataProtect, a cybersecurity firm, to test the security of its newly launched online platform. As a DataProtect security analyst, your task is to assess the application\u2019s login page, the entry point to the system. The goal is to bypass the login authentication and access the protected dashboard to retrieve a flag.","max_attempts":0,"value":100,"category":"WEB","type":"dynamic_docker","state":"visible","requirements":null},{"id":2,"name":"BookReviewz XSS","description":"BookReviewz is a social platform where bookworms can share reviews, rate books, and discuss their favorite reads. The site allows users to:\r\n\r\n- Browse a collection of popular books\r\n- View and post reviews with ratings\r\n- Comment on books\r\n- View user profiles\r\n\r\nHowever, the platform has a critical security vulnerability: the comment system doesn't sanitize user input properly, making it vulnerable to Cross-Site Scripting (XSS) attacks. As a security researcher, your task is to identify and exploit this vulnerability to demonstrate the potential impact to the development team.","max_attempts":0,"value":100,"category":"WEB","type":"dynamic_docker","state":"visible","requirements":null},{"id":3,"name":"SSRF","description":"In this challenge, you are given access to an internal monitoring dashboard used by SecureCorp's administrators. The dashboard includes a feature to fetch monitoring data from various endpoints, but something seems suspicious about its implementation. Your mission is to explore this monitoring dashboard, identify any security flaws, and discover the hidden flag in the format `DP{...}`.","max_attempts":0,"value":100,"category":"WEB","type":"dynamic_docker","state":"visible","requirements":null},{"id":4,"name":"SecureDoc Breakout","description":"The SecureDoc Portal is a company's internal document management system that claims to be highly secure. Your task is to test this claim by finding and exploiting a path traversal vulnerability (CWE-35) to access a secret flag file located outside the permitted document directory.","max_attempts":0,"value":100,"category":"WEB","type":"dynamic_docker","state":"visible","requirements":null},{"id":5,"name":"FileInjectX","description":"FileInjectX presents a seemingly innocent blog platform called \"BlogConnect\" where users can browse articles and switch between visual themes. However, lurking behind its sleek interface is a critical PHP Remote File Inclusion (RFI) vulnerability that could grant attackers full access to the system.","max_attempts":0,"value":100,"category":"WEB","type":"dynamic_docker","state":"visible","requirements":null},{"id":6,"name":"ProfilePic Backdoor","description":"CloudShare is a new photo-sharing startup that just launched a feature allowing users to upload profile pictures. The development team was focused on creating a seamless user experience with an attractive interface, but they may have overlooked some security considerations in their file upload system.\r\n\r\nTheir CTO insists the platform is secure because \"we only accept image files like JPG and PNG.\" Your task is to test this claim by finding a way to exploit their file upload system, gain unauthorized server access, and retrieve the hidden flag.","max_attempts":0,"value":100,"category":"WEB","type":"dynamic_docker","state":"visible","requirements":null}],"meta":{}}