{"count":6,"results":[{"id":1,"initial":100,"minimum":1,"decay":99,"memory_limit":"128m","cpu_limit":0.5,"dynamic_score":1,"docker_image":"tryptoph/level1-web_challenge:latest","redirect_type":"direct","redirect_port":80},{"id":2,"initial":100,"minimum":1,"decay":99,"memory_limit":"128m","cpu_limit":0.5,"dynamic_score":1,"docker_image":"tryptoph/bookreviewz-xss-challenge:latest","redirect_type":"direct","redirect_port":5000},{"id":3,"initial":100,"minimum":1,"decay":99,"memory_limit":"128m","cpu_limit":0.5,"dynamic_score":1,"docker_image":"tryptoph/ssrf-challenge:latest","redirect_type":"direct","redirect_port":3000},{"id":4,"initial":100,"minimum":1,"decay":98,"memory_limit":"128m","cpu_limit":0.5,"dynamic_score":1,"docker_image":"tryptoph/path-traversal-challenge:latest","redirect_type":"direct","redirect_port":8080},{"id":5,"initial":100,"minimum":1,"decay":97,"memory_limit":"128m","cpu_limit":0.5,"dynamic_score":1,"docker_image":"tryptoph/blogconnect-rfi:latest","redirect_type":"direct","redirect_port":80},{"id":6,"initial":100,"minimum":1,"decay":99,"memory_limit":"128m","cpu_limit":0.5,"dynamic_score":1,"docker_image":"tryptoph/cloudshare-challenge:latest","redirect_type":"direct","redirect_port":80}],"meta":{}}