{"count":6,"results":[{"id":1,"challenge_id":1,"type":"static","content":"DP{T1ME_15_BE57_4RIEND}","data":""},{"id":2,"challenge_id":2,"type":"static","content":"DP{XSS_C0mm3nt_Vuln3r4bility_Expl0it3d}","data":""},{"id":3,"challenge_id":3,"type":"static","content":"DP{SSRF_L0C4L_F1L3_R34D}","data":""},{"id":4,"challenge_id":4,"type":"static","content":"DP{P4th_Tr4v3rs4l_Vuln3r4b1l1ty_3xpl01t3d}","data":""},{"id":5,"challenge_id":5,"type":"static","content":"DP{PHP_1nclud3_G0n3_Wr0ng_RFI_FTW}","data":""},{"id":6,"challenge_id":6,"type":"static","content":"DP{UNR35TR1CT3D_F1L3_UPL04D_1S_D4NG3R0U5}","data":""}],"meta":{}}