{"count":1,"results":[{"id":1,"title":"None","route":"index","content":"<div class=\"row\">\r\n    <div class=\"col-md-6 offset-md-3 text-center\">\r\n        <img class=\"w-100 mx-auto d-block\" style=\"max-width: 500px;padding: 30px;padding-top: 10vh;\" src=\"/themes/core/static/img/logo.png?d=983b5eb3\" />\r\n        <h3 class=\"text-center\">\r\n            <p>Security is our commitment</p>\r\n            <p>DATAPROTECT - Advanced Cybersecurity CTF Platform</p>\r\n            <p>Follow us on social media:</p>\r\n            <a href=\"https://x.com/DataProtect_\" style=\"display: inline-block; vertical-align: middle;\">\r\n                <svg viewBox=\"0 0 24 24\" aria-hidden=\"true\" style=\"fill: currentColor; width: 48px; height: 48px;\">\r\n                    <path d=\"M18.244 2.25h3.308l-7.227 8.26 8.502 11.24H16.17l-5.214-6.817L4.99 21.75H1.68l7.73-8.835L1.254 2.25H8.08l4.713 6.231zm-1.161 17.52h1.833L7.084 4.126H5.117z\"></path>\r\n                </svg>\r\n            </a>&nbsp;\r\n            <a href=\"https://www.facebook.com/dataprotect.ma/\"><i class=\"fab fa-facebook fa-2x\" aria-hidden=\"true\" style=\"vertical-align: middle; font-size: 48px;\"></i></a>&nbsp;\r\n            <a href=\"https://dataprotect.ma\"><i class=\"fas fa-globe fa-2x\" aria-hidden=\"true\" style=\"vertical-align: middle; font-size: 48px;\"></i></a>&nbsp;\r\n            <a href=\"https://www.linkedin.com/company/dataprotect/\"><i class=\"fab fa-linkedin fa-2x\" aria-hidden=\"true\" style=\"vertical-align: middle; font-size: 48px;\"></i></a>\r\n        </h3>\r\n        <br>\r\n        <h4 class=\"text-center\">\r\n            <a href=\"/challenges\" class=\"btn btn-danger btn-lg\">Enter The Battle!</a>\r\n        </h4>\r\n    </div>\r\n</div>","draft":0,"hidden":0,"auth_required":0}],"meta":{}}