{"count":2,"results":[{"key":"direct","frp_template":"\n[direct_{{ container.user_id|string }}-{{ container.uuid }}]\ntype = tcp\nlocal_ip = {{ container.user_id|string }}-{{ container.uuid }}\nlocal_port = {{ container.challenge.redirect_port }}\nremote_port = {{ container.port }}\nuse_compression = true\n\n[direct_{{ container.user_id|string }}-{{ container.uuid }}_udp]\ntype = udp\nlocal_ip = {{ container.user_id|string }}-{{ container.uuid }}\nlocal_port = {{ container.challenge.redirect_port }}\nremote_port = {{ container.port }}\nuse_compression = true\n","access_template":"nc {{ get_config(\"whale:frp_direct_ip_address\", \"127.0.0.1\") }} {{ container.port }}"},{"key":"http","frp_template":"\n[http_{{ container.user_id|string }}-{{ container.uuid }}]\ntype = http\nlocal_ip = {{ container.user_id|string }}-{{ container.uuid }}\nlocal_port = {{ container.challenge.redirect_port }}\nsubdomain = {{ container.http_subdomain }}\nuse_compression = true\n","access_template":"http://{{ container.http_subdomain }}.{{ get_config(\"whale:frp_http_domain_suffix\", \"\") }}{% if get_config(\"whale:frp_http_port\", \"80\") != 80 %}:{{ get_config(\"whale:frp_http_port\") }}{% endif %}/"}],"meta":{}}